{"cameraMode":{"drawMode":0,"name":"Shaded","section":"Shading Mode"},"sceneLighting":true,"audioPlay":false,"sceneViewState":{"showFog":false,"showMaterialUpdate":false,"showSkybox":false,"showFlares":false,"showImageEffects":false,"showParticleSystems":false},"in2DMode":false,"pivot":{"x":-10.655771255493164,"y":26.740257263183595,"z":154.47032165527345},"rotation":{"x":0.058564282953739169,"y":-0.9164300560951233,"z":0.36805209517478945,"w":0.14582155644893647},"size":56.51527786254883,"orthographic":false}