{"cameraMode":{"drawMode":0,"name":"Shaded","section":"Shading Mode"},"sceneLighting":false,"audioPlay":false,"sceneViewState":{"showFog":true,"showMaterialUpdate":false,"showSkybox":false,"showFlares":true,"showImageEffects":true,"showParticleSystems":true},"in2DMode":false,"pivot":{"x":2.0,"y":3.0199999809265138,"z":-1.690000057220459},"rotation":{"x":0.058417417109012607,"y":-0.04102000966668129,"z":0.00240253284573555,"w":0.9974462389945984},"size":6.17373514175415,"orthographic":true}